Workbook

Sheet LEIA_ME
A1: PROTOCOLO EXPERIMENTAL MÍNIMO — PREENCHIMENTO OBRIGATÓRIO
A2: Campo | B2: Instrução
A3: Natureza | B3: Planilha vazia para coleta física real. Nenhum resultado foi pré-preenchido.
A4: Tempo total | B4: Planejada para aproximadamente 50–70 minutos, incluindo montagem, fotos e conferência.
A5: Prioridade | B5: Execute nesta ordem: Configuração/fotos, Alcance, Orientação, Material e Inventário.
A6: Tentativa | B6: Uma janela de 3 s. Retire a tag do campo por cerca de 2 s antes de cada nova tentativa.
A7: Sucesso | B7: Preencha 1 somente se o EPC esperado aparecer ao menos uma vez durante a janela; caso contrário, 0.
A8: Não inventar | B8: Não complete células esquecidas posteriormente por estimativa. Deixe em branco e explique em observações.
A9: RSSI | B9: Não é obrigatório. Só registre se o firmware fornecer RSSI bruto ou uma conversão documentada.
A10: Cor amarela | B10: Campo que deve ser preenchido durante ou imediatamente após a coleta.
A11: Cor azul | B11: Célula calculada automaticamente; não digitar por cima.
A12: Tags | B12: Cadastre cinco tags. TAG1, TAG2 e TAG3 são usadas nos testes controlados; as cinco entram no inventário.
A13: Alcance | B13: 4 distâncias × 3 tags × 5 tentativas = 60 janelas de 3 s.
... A18: Backup | B18: Ao terminar, salve uma cópia com data/hora e preserve fotografias e qualquer log serial.

Sheet PLANO_DO_DIA
A1: ROTEIRO RÁPIDO DE EXECUÇÃO
A2: Etapa | B2: Tempo | C2: O que fazer | D2: Critério para avançar | E2: Concluído (X)
A3: 1 | B3: 10 min | C3: Montar, conferir GND/fonte, abrir serial, cadastrar 5 EPCs e tirar fotos. | D3: Leitura de TAG1 confirmada e configuração preenchida.
A4: 2 | B4: 20 min | C4: Executar as 60 janelas da aba Alcance, agrupadas por distância. | D4: Todas as células amarelas de detectou_0_1 preenchidas.
A5: 3 | B5: 12 min | C5: Executar as 45 janelas da aba Orientacao em 0°, 45° e 90°. | D5: Ângulos fotografados ou marcados e resultados preenchidos.
A6: 4 | B6: 8 min | C6: Executar papelão, metal direto e metal com espaçador usando TAG1. | D6: Cinco tentativas preenchidas em cada suporte.
A7: 5 | B7: 10 min | C7: Executar cinco janelas de inventário de 10 s com o mesmo percurso. | D7: EPCs detectados e quantidade registrados em cada janela.
A8: 6 | B8: 5 min | C8: Revisar campos vazios, salvar cópia e copiar fotos/logs. | D8: Arquivo abre novamente e a aba Resumo apresenta taxas.

Sheet Resumo
A1: RESUMO AUTOMÁTICO — NÃO DIGITAR NAS CÉLULAS AZUIS
A2: Ensaio | B2: Condição | C2: Planejado | D2: Preenchido | E2: Sucessos | F2: Taxa_% | G2: Situação
A3: Alcance | B3: 0.5 | C3: 15 | D3: =COUNTIFS(Alcance!$B:$B,B3,Alcance!$J:$J,"<>") | E3: =COUNTIFS(Alcance!$B:$B,B3,Alcance!$J:$J,1) | F3: =IF(D3>0,E3/D3*100,"") | G3: =IF(D3=C3,"COMPLETO","PENDENTE")
A4: Alcance | B4: 1 | C4: 15 | D4: =COUNTIFS(Alcance!$B:$B,B4,Alcance!$J:$J,"<>") | E4: =COUNTIFS(Alcance!$B:$B,B4,Alcance!$J:$J,1) | F4: =IF(D4>0,E4/D4*100,"") | G4: =IF(D4=C4,"COMPLETO","PENDENTE")
A5: Alcance | B5: 1.5 | C5: 15 | D5: =COUNTIFS(Alcance!$B:$B,B5,Alcance!$J:$J,"<>") | E5: =COUNTIFS(Alcance!$B:$B,B5,Alcance!$J:$J,1) | F5: =IF(D5>0,E5/D5*100,"") | G5: =IF(D5=C5,"COMPLETO","PENDENTE")
A6: Alcance | B6: 2 | C6: 15 | D6: =COUNTIFS(Alcance!$B:$B,B6,Alcance!$J:$J,"<>") | E6: =COUNTIFS(Alcance!$B:$B,B6,Alcance!$J:$J,1) | F6: =IF(D6>0,E6/D6*100,"") | G6: =IF(D6=C6,"COMPLETO","PENDENTE")
A7: Orientacao | B7: 0 | C7: 15 | D7: =COUNTIFS(Orientacao!$B:$B,B7,Orientacao!$J:$J,"<>") | E7: =COUNTIFS(Orientacao!$B:$B,B7,Orientacao!$J:$J,1) | F7: =IF(D7>0,E7/D7*100,"") | G7: =IF(D7=C7,"COMPLETO","PENDENTE")
A8: Orientacao | B8: 45 | C8: 15 | D8: =COUNTIFS(Orientacao!$B:$B,B8,Orientacao!$J:$J,"<>") | E8: =COUNTIFS(Orientacao!$B:$B,B8,Orientacao!$J:$J,1) | F8: =IF(D8>0,E8/D8*100,"") | G8: =IF(D8=C8,"COMPLETO","PENDENTE")
A9: Orientacao | B9: 90 | C9: 15 | D9: =COUNTIFS(Orientacao!$B:$B,B9,Orientacao!$J:$J,"<>") | E9: =COUNTIFS(Orientacao!$B:$B,B9,Orientacao!$J:$J,1) | F9: =IF(D9>0,E9/D9*100,"") | G9: =IF(D9=C9,"COMPLETO","PENDENTE")
A10: Material | B10: Papelao | C10: 5 | D10: =COUNTIFS(Material!$B:$B,B10,Material!$K:$K,"<>") | E10: =COUNTIFS(Material!$B:$B,B10,Material!$K:$K,1) | F10: =IF(D10>0,E10/D10*100,"") | G10: =IF(D10=C10,"COMPLETO","PENDENTE")
A11: Material | B11: Metal direto | C11: 5 | D11: =COUNTIFS(Material!$B:$B,B11,Material!$K:$K,"<>") | E11: =COUNTIFS(Material!$B:$B,B11,Material!$K:$K,1) | F11: =IF(D11>0,E11/D11*100,"") | G11: =IF(D11=C11,"COMPLETO","PENDENTE")
A12: Material | B12: Metal com espacador | C12: 5 | D12: =COUNTIFS(Material!$B:$B,B12,Material!$K:$K,"<>") | E12: =COUNTIFS(Material!$B:$B,B12,Material!$K:$K,1) | F12: =IF(D12>0,E12/D12*100,"") | G12: =IF(D12=C12,"COMPLETO","PENDENTE")
A13: Inventario | B13: 5 janelas | C13: 5 | D13: =COUNT(Inventario!$E$2:$E$6) | E13: =SUM(Inventario!$G$2:$G$6) | F13: =IFERROR(AVERAGE(Inventario!$F$2:$F$6),"") | G13: =IF(D13=C13,"COMPLETO","PENDENTE")

Sheet Configuracao
A1: Parâmetro | B1: Valor real | C1: Como preencher
A2: Data da coleta | C2: Data em que os experimentos foram realmente executados.
A3: Hora de início | C3: Hora aproximada do início da montagem.
A4: Local/sala | C4: Nome exato da sala e prédio.
A5: Operador | B5: Leonardo Teixeira Gomes Silva | C5: Pessoa que realizou a coleta.
A6: Leitor | B6: YPD-R200 | C6: Confirmar a identificação do módulo.
A7: Placa | C7: Arduino Uno ou Nano; informar qual foi usado.
A8: Firmware/commit | C8: Nome/versão do arquivo carregado no Arduino.
A9: Antena | B9: Airplux APCA8090 | C9: Confirmar modelo/variante disponível.
A10: Ganho nominal (dBi) | B10: 5 | C10: Valor nominal do fabricante.
A11: Polarização | B11: Linear | C11: Polarização informada para a antena.
A12: Região/canal/FHSS | C12: Registrar o que estiver configurado; se desconhecido, escrever NÃO VERIFICADO.
A13: Potência configurada (dBm) | B13: 26 | C13: Registrar o comando usado; indicar se foi lido de volta.
A14: Altura da antena (cm) | B14: 150 | C14: Medir do piso ao centro da antena.
A15: Fonte do leitor | B15: 5 V / 1 A externa | C15: Registrar tensão/corrente nominais da fonte.
A16: Baud rate UART | B16: 115200 | C16: Velocidade entre Arduino e YPD-R200.
A17: Intervalo de estabilização | C17: Tempo aguardado após mover tag/antena, em segundos.
A18: Pessoas no ambiente | C18: Quantidade aproximada e movimentação durante o teste.
A19: Objetos metálicos próximos | C19: Descrever bancada, armários e distância aproximada.
A20: Fotos/arquivos | C20: Nomes das fotos e do log serial, se houver.
A21: Ocorrências | C21: Reinicializações, quedas de alimentação ou mudanças de configuração.

Sheet Tags
A1: tag_id | B1: epc_real | C1: objeto/suporte | D1: material | E1: foto/posição | F1: observações
A2: TAG1
A3: TAG2
A4: TAG3
A5: TAG4
A6: TAG5

Sheet Alcance
A1: ordem | B1: distancia_horizontal_m | C1: tag_id | D1: tentativa | E1: altura_antena_cm | F1: altura_tag_cm | G1: orientacao_graus | H1: material_suporte | I1: duracao_janela_s | J1: detectou_0_1 | K1: epc_observado | L1: tempo_primeira_leitura_s | M1: observacoes
A2: 1 | B2: 0.5 | C2: TAG1 | D2: 1 | E2: 150 | F2: 150 | G2: 0 | H2: Papelao | I2: 3
A3: 2 | B3: 0.5 | C3: TAG1 | D3: 2 | E3: 150 | F3: 150 | G3: 0 | H3: Papelao | I3: 3
A4: 3 | B4: 0.5 | C4: TAG1 | D4: 3 | E4: 150 | F4: 150 | G4: 0 | H4: Papelao | I4: 3
A5: 4 | B5: 0.5 | C5: TAG1 | D5: 4 | E5: 150 | F5: 150 | G5: 0 | H5: Papelao | I5: 3
A6: 5 | B6: 0.5 | C6: TAG1 | D6: 5 | E6: 150 | F6: 150 | G6: 0 | H6: Papelao | I6: 3
A7: 6 | B7: 0.5 | C7: TAG2 | D7: 1 | E7: 150 | F7: 150 | G7: 0 | H7: Papelao | I7: 3
A8: 7 | B8: 0.5 | C8: TAG2 | D8: 2 | E8: 150 | F8: 150 | G8: 0 | H8: Papelao | I8: 3
A9: 8 | B9: 0.5 | C9: TAG2 | D9: 3 | E9: 150 | F9: 150 | G9: 0 | H9: Papelao | I9: 3
A10: 9 | B10: 0.5 | C10: TAG2 | D10: 4 | E10: 150 | F10: 150 | G10: 0 | H10: Papelao | I10: 3
A11: 10 | B11: 0.5 | C11: TAG2 | D11: 5 | E11: 150 | F11: 150 | G11: 0 | H11: Papelao | I11: 3
A12: 11 | B12: 0.5 | C12: TAG3 | D12: 1 | E12: 150 | F12: 150 | G12: 0 | H12: Papelao | I12: 3
A13: 12 | B13: 0.5 | C13: TAG3 | D13: 2 | E13: 150 | F13: 150 | G13: 0 | H13: Papelao | I13: 3
... A61: 60 | B61: 2 | C61: TAG3 | D61: 5 | E61: 150 | F61: 150 | G61: 0 | H61: Papelao | I61: 3

Sheet Orientacao
A1: ordem | B1: orientacao_graus | C1: tag_id | D1: tentativa | E1: distancia_m | F1: altura_antena_cm | G1: altura_tag_cm | H1: material_suporte | I1: duracao_janela_s | J1: detectou_0_1 | K1: epc_observado | L1: tempo_primeira_leitura_s | M1: observacoes
A2: 1 | B2: 0 | C2: TAG1 | D2: 1 | E2: 1.5 | F2: 150 | G2: 150 | H2: Papelao | I2: 3
A3: 2 | B3: 0 | C3: TAG1 | D3: 2 | E3: 1.5 | F3: 150 | G3: 150 | H3: Papelao | I3: 3
A4: 3 | B4: 0 | C4: TAG1 | D4: 3 | E4: 1.5 | F4: 150 | G4: 150 | H4: Papelao | I4: 3
A5: 4 | B5: 0 | C5: TAG1 | D5: 4 | E5: 1.5 | F5: 150 | G5: 150 | H5: Papelao | I5: 3
A6: 5 | B6: 0 | C6: TAG1 | D6: 5 | E6: 1.5 | F6: 150 | G6: 150 | H6: Papelao | I6: 3
A7: 6 | B7: 0 | C7: TAG2 | D7: 1 | E7: 1.5 | F7: 150 | G7: 150 | H7: Papelao | I7: 3
A8: 7 | B8: 0 | C8: TAG2 | D8: 2 | E8: 1.5 | F8: 150 | G8: 150 | H8: Papelao | I8: 3
A9: 8 | B9: 0 | C9: TAG2 | D9: 3 | E9: 1.5 | F9: 150 | G9: 150 | H9: Papelao | I9: 3
A10: 9 | B10: 0 | C10: TAG2 | D10: 4 | E10: 1.5 | F10: 150 | G10: 150 | H10: Papelao | I10: 3
A11: 10 | B11: 0 | C11: TAG2 | D11: 5 | E11: 1.5 | F11: 150 | G11: 150 | H11: Papelao | I11: 3
A12: 11 | B12: 0 | C12: TAG3 | D12: 1 | E12: 1.5 | F12: 150 | G12: 150 | H12: Papelao | I12: 3
A13: 12 | B13: 0 | C13: TAG3 | D13: 2 | E13: 1.5 | F13: 150 | G13: 150 | H13: Papelao | I13: 3
... A46: 45 | B46: 90 | C46: TAG3 | D46: 5 | E46: 1.5 | F46: 150 | G46: 150 | H46: Papelao | I46: 3

Sheet Material
A1: ordem | B1: material_suporte | C1: espacador_mm | D1: tag_id | E1: tentativa | F1: distancia_m | G1: altura_antena_cm | H1: altura_tag_cm | I1: orientacao_graus | J1: duracao_janela_s | K1: detectou_0_1 | L1: epc_observado | M1: tempo_primeira_leitura_s | N1: observacoes
A2: 1 | B2: Papelao | C2: 0 | D2: TAG1 | E2: 1 | F2: 1.5 | G2: 150 | H2: 150 | I2: 0 | J2: 3
A3: 2 | B3: Papelao | C3: 0 | D3: TAG1 | E3: 2 | F3: 1.5 | G3: 150 | H3: 150 | I3: 0 | J3: 3
A4: 3 | B4: Papelao | C4: 0 | D4: TAG1 | E4: 3 | F4: 1.5 | G4: 150 | H4: 150 | I4: 0 | J4: 3
A5: 4 | B5: Papelao | C5: 0 | D5: TAG1 | E5: 4 | F5: 1.5 | G5: 150 | H5: 150 | I5: 0 | J5: 3
A6: 5 | B6: Papelao | C6: 0 | D6: TAG1 | E6: 5 | F6: 1.5 | G6: 150 | H6: 150 | I6: 0 | J6: 3
A7: 6 | B7: Metal direto | C7: 0 | D7: TAG1 | E7: 1 | F7: 1.5 | G7: 150 | H7: 150 | I7: 0 | J7: 3
A8: 7 | B8: Metal direto | C8: 0 | D8: TAG1 | E8: 2 | F8: 1.5 | G8: 150 | H8: 150 | I8: 0 | J8: 3
A9: 8 | B9: Metal direto | C9: 0 | D9: TAG1 | E9: 3 | F9: 1.5 | G9: 150 | H9: 150 | I9: 0 | J9: 3
A10: 9 | B10: Metal direto | C10: 0 | D10: TAG1 | E10: 4 | F10: 1.5 | G10: 150 | H10: 150 | I10: 0 | J10: 3
A11: 10 | B11: Metal direto | C11: 0 | D11: TAG1 | E11: 5 | F11: 1.5 | G11: 150 | H11: 150 | I11: 0 | J11: 3
A12: 11 | B12: Metal com espacador | C12: 10 | D12: TAG1 | E12: 1 | F12: 1.5 | G12: 150 | H12: 150 | I12: 0 | J12: 3
A13: 12 | B13: Metal com espacador | C13: 10 | D13: TAG1 | E13: 2 | F13: 1.5 | G13: 150 | H13: 150 | I13: 0 | J13: 3
... A16: 15 | B16: Metal com espacador | C16: 10 | D16: TAG1 | E16: 5 | F16: 1.5 | G16: 150 | H16: 150 | I16: 0 | J16: 3

Sheet Inventario
A1: rodada | B1: duracao_janela_s | C1: qtd_tags_presentes | D1: epcs_detectados_separados_por_virgula | E1: qtd_tags_detectadas | F1: cobertura_% | G1: completa_0_1 | H1: leituras_externas | I1: percurso | J1: observacoes
A2: 1 | B2: 10 | C2: 5 | F2: =IF(C2>0,E2/C2*100,"") | G2: =IF(E2="","",--(E2=C2)) | I2: Percurso curto padronizado
A3: 2 | B3: 10 | C3: 5 | F3: =IF(C3>0,E3/C3*100,"") | G3: =IF(E3="","",--(E3=C3)) | I3: Percurso curto padronizado
A4: 3 | B4: 10 | C4: 5 | F4: =IF(C4>0,E4/C4*100,"") | G4: =IF(E4="","",--(E4=C4)) | I4: Percurso curto padronizado
A5: 4 | B5: 10 | C5: 5 | F5: =IF(C5>0,E5/C5*100,"") | G5: =IF(E5="","",--(E5=C5)) | I5: Percurso curto padronizado
A6: 5 | B6: 10 | C6: 5 | F6: =IF(C6>0,E6/C6*100,"") | G6: =IF(E6="","",--(E6=C6)) | I6: Percurso curto padronizado

Sheet Log_Serial_Opcional
A1: timestamp | B1: ensaio | C1: condicao | D1: tentativa | E1: epc | F1: leitura_valida_0_1 | G1: linha_serial_original | H1: observacoes
